question (ai generated),answer,clarity,question_pertinence,examples_pertinence,comments,examples (ai generated),concept (ai generated),pertinence (ai generated),explanation (ai generated)
What are the core game mechanics that allow players to debunk paranormal phenomena?,"Using an EMF meter to detect electromagnetic fields, or a thermometer to measure temperature drops",4,4,5,"""no comment""","Using an EMF meter to detect electromagnetic fields, or a thermometer to measure temperature drops.",GameMechanics,5,High pertinence as these mechanics are central to the game's unique selling proposition.
How does the game differentiate between paranormal illusions and the real killer?,"Illusions could be solved with scientific tools, while the killer requirer stealth mechanics",4,4,4,"""no comment""","Illusions could be solved with scientific tools, while the killer requires combat or stealth mechanics.",GameMechanics,5,High pertinence as this distinction is crucial for gameplay balance and player engagement.
What are the primary user interfaces for interacting with the game's tools and mechanics?,"There will be no HUD, The interactions will be through the game. But of course there will be a pause menu with game settings.",4,4,4,"""no comment""","A heads-up display (HUD) for tools, and a pause menu for game settings.",UserInteraction,4,High pertinence as user interface design impacts playability and user experience.
How does the game provide feedback to the player about their progress and achievements?,Entirely through the game,3,3,3,"""no comment""","On-screen notifications, experience points, or a progress bar.",UserInteraction,4,High pertinence as feedback mechanisms drive player engagement and satisfaction.
What are the performance requirements for the game to run smoothly on target platforms?,At least not a potato PC,3,3,3,"""no comment""","Frame rate, loading times, and memory usage.",TechnicalConstraints,4,High pertinence as technical constraints impact the game's playability and accessibility.
What are the hardware requirements for players to run the game on their devices?,Minimum and recommended system specifications,3,3,3,"""no comment""",Minimum and recommended system specifications.,TechnicalConstraints,4,High pertinence as hardware requirements impact the game's target audience and market reach.
What are the key accessibility features to ensure the game is playable by a wide audience?,"There will be not. Because this is a horror game, light and sound are too important. Futhermore the game will be not playable by minor user.",2,2,2,"""no comment""","Colorblind mode, remappable controls, or subtitle customization.",QualityAttributes,4,High pertinence as accessibility features impact the game's inclusivity and market potential.
How does the game balance challenge and fun to keep players engaged throughout the experience?,"Difficulty progression, puzzle design, or enemy encounters.",4,4,4,"""no comment""","Difficulty progression, puzzle design, or enemy encounters.",QualityAttributes,4,High pertinence as game balance directly impacts player satisfaction and replayability.
What is the game's narrative structure and how does it unfold throughout the game?,"Linear story progression, branching paths, or environmental storytelling",4,4,4,"""no comment""","Linear story progression, branching paths, or environmental storytelling.",Storytelling,3,Medium pertinence as the narrative structure impacts player immersion but is not the game's core focus.
How does the game create a sense of horror and tension throughout the player's experience?,"Atmospheric design, enemy encounters, or narrative twists.",4,4,4,"""no comment""","Atmospheric design, enemy encounters, or narrative twists.",Storytelling,3,Medium pertinence as horror elements are important but not the sole focus of the game.
What are the planned monetization strategies for the game?,"There will be a pre-order online and the game will be on purachases platforms like Steam, EpiceGames or GOG",2,2,2,"""no comment""","Premium pricing, in-game purchases, or microtransactions.",Monetization,3,Medium pertinence as monetization strategies impact the game's business model but are not core to the player experience.
What are the planned post-launch content updates and expansions for the game?,If the game is a sucess we could add new scenarios,2,2,2,"""no comment""","Free updates, paid DLC, or seasonal events.",Monetization,3,Medium pertinence as post-launch content impacts the game's long-term success but is not part of the initial release.
"Does the game include any multiplayer features, and if so, what are they?",No,2,2,2,"""no comment""","Cooperative play, competitive modes, or social features like leaderboards.",Multiplayer,2,Low pertinence as multiplayer features are not mentioned in the domain description and may not be part of the initial release.
What are the planned languages for the game's localization?,English and French for the moment,3,3,3,"""no comment""","English, French, German, etc.",Localization,2,Low pertinence as localization is not mentioned in the domain description and may not be a priority for the initial release.
On which platforms will the game be released?,PC ans concoles,3,3,3,"""no comment""","PC, consoles, or mobile devices.",Platforms,2,Low pertinence as platforms are not mentioned in the domain description and may not impact the initial development process.
Are there any planned partnerships or collaborations for the game's development or release?,no,1,1,1,"""no comment""","Collaborations with other studios, influencers, or brands.",Partnerships,2,Low pertinence as partnerships are not mentioned in the domain description and may not be relevant to the initial development process.
"What legal and regulatory requirements must the game comply with, such as age ratings or data privacy laws?",i don't know,3,3,3,"""no comment""","ESRB ratings, COPPA compliance, or GDPR regulations.",LegalCompliance,1,Low pertinence as legal compliance is a necessary but not game-specific aspect of development.
What specific electromagnetic fields should the EMF meter detect to indicate paranormal activity?,There will be some instruments to prove that the paranormal events could be explained with science,3,3,3,"""no comment""","High EMF readings from a ghostly presence, or specific frequencies from a demonic entity.",GameMechanics_DetectionTool,4,Understanding the specific readings helps refine the EMF meter's functionality and the types of paranormal entities it can detect.
What temperature drops should the thermometer measure to confirm a paranormal presence?,The drop a degress have to get a scientifical explanasion,3,3,3,"""no comment""","A sudden drop of 10 degrees Fahrenheit, or a gradual decrease over time.",GameMechanics_DetectionTool,4,Defining the temperature drops helps specify the thermometer's sensitivity and the types of entities it can detect.
What scientific tools can players use to dispel or confirm paranormal illusions?,"Using a flashlight to reveal hidden objects, or a camera and others",3,3,3,"""no comment""","Using a flashlight to reveal hidden objects, or a camera to capture EVPs (Electronic Voice Phenomena).",GameMechanics_IllusionResolution,3,Knowing the tools to resolve illusions helps clarify the gameplay mechanics and the role of these tools.
What specific stealth mechanics should the game employ to make avoiding the killer challenging?,"Crouching to avoid detection, using environmental hazards to distract the killer, or hiding in specific interactive objects",4,4,4,"""no comment""","Crouching to avoid detection, using environmental hazards to distract the killer, or hiding in specific interactive objects.",GameMechanics_KillerAvoidance,5,Defining the stealth mechanics is crucial for creating a tense and engaging gameplay experience.
How should the game indicate the killer's presence and proximity to the player?,"Audible footsteps, visual cues like a red stain on the floor",3,3,3,"""no comment""","Audible footsteps, visual cues like a red stain on the floor, or a minimap indicator.",GameMechanics_KillerAvoidance,4,"Clear indicators help players understand the threat level and react appropriately, enhancing gameplay immersion."
What are the specific FPS (frames per second) targets for the game on each target platform?,60 FPS except for potato PC,3,3,3,"""no comment""","60 FPS on PC, 30 FPS on consoles, and 30 FPS on mobile devices",PerformanceRequirements,5,This question is highly pertinent as it directly refines the performance requirement and ensures the game runs smoothly on all target platforms.
What are the acceptable frame rate drops during intense scenes or on lower-end devices?,"No more than 10% drop during intense scenes, and no more than 20% drop on lower-end devices",3,3,3,"""no comment""","No more than 10% drop during intense scenes, and no more than 20% drop on lower-end devices",PerformanceRequirements,4,"This question is quite pertinent as it helps to define the acceptable performance limits, ensuring a consistent gaming experience."
What are the minimum and recommended GPU requirements for the game on PC?,"Minimum: GTX 1050, Recommended: GTX 1070",3,3,3,"""no comment""","Minimum: GTX 1050, Recommended: GTX 1070",HardwareRequirements,5,This question is highly pertinent as it directly refines the hardware requirement for PC players.
What are the minimum and recommended CPU requirements for the game on PC?,"Minimum: Intel i5-6600K, Recommended: Intel i7-7700K",3,3,3,"""no comment""","Minimum: Intel i5-6600K, Recommended: Intel i7-7700K",HardwareRequirements,5,This question is highly pertinent as it directly refines the hardware requirement for PC players.
What are the minimum and recommended RAM requirements for the game on PC?,"Minimum: 8GB, Recommended: 16GB",3,3,3,"""no comment""","Minimum: 8GB, Recommended: 16GB",HardwareRequirements,4,This question is quite pertinent as it helps to define the memory requirement for PC players.
"What are the minimum and recommended hardware requirements for the game on consoles (PS5, Xbox Series X/S)?","Minimum: PS5 with 10GB RAM, Recommended: PS5 with 16GB RAM",3,3,3,"""no comment""","Minimum: PS5 with 10GB RAM, Recommended: PS5 with 16GB RAM",HardwareRequirements,4,This question is quite pertinent as it helps to define the hardware requirement for console players.
"What are the minimum and recommended hardware requirements for the game on mobile devices (iOS, Android)?",The will will not be available on mobile decives,3,1,1,"""no comment""","Minimum: iPhone 8, Recommended: iPhone 12",HardwareRequirements,3,"This question is somewhat pertinent as it helps to define the hardware requirement for mobile players, but it's less important as mobile devices have more standardized hardware."
How does the game's difficulty progress to maintain a balance between challenge and fun?,The difficulty will not change. Each scenarios has his own difficulty,2,2,2,"""no comment""","Difficulty progression could be achieved through increasing enemy health, introducing new enemy types, or adding more complex puzzles.",DifficultyProgression,5,Understanding the difficulty progression is crucial for ensuring the game remains engaging and fun throughout the experience.
What types of puzzles will be included in the game to provide a sense of accomplishment and fun?,Essentialy environment manipulation and understand how the phenomena happened,3,3,3,"""no comment""","Puzzles could involve environmental manipulation, enemy exploitation, or code-breaking.",PuzzleDesign,4,"Puzzles are an important aspect of the game's challenge and fun, and understanding their design can help ensure they are engaging and not frustrating."
How will enemy encounters be designed to provide a thrilling and suspenseful experience?,Enemy encounters could involve stealth or environmental hazards,3,3,3,"""no comment""","Enemy encounters could involve stealth, combat, or environmental hazards.",EnemyEncounters,4,"Enemy encounters are a key part of the horror game experience, and understanding their design can help ensure they are frightening and engaging."
What are the specific reasons for not including accessibility features in this horror game?,"The game relies heavily on light and sound effects for its horror atmosphere, and it's not designed to be playable by minors",4,4,4,"""no comment""","The game relies heavily on light and sound effects for its horror atmosphere, and it's not designed to be playable by minors.",AccessibilityFeatures,3,"While not a high priority, understanding the reasons for not including accessibility features can help ensure the game's design aligns with its intended audience."
How does the game communicate the player's progress within the game world?,"updating the environment, changing NPC behavior, or revealing new areas",4,4,4,"""no comment""","e.g., updating the environment, changing NPC behavior, or revealing new areas",GameFeedback,5,Crucial for understanding how the game immersively conveys progress without a HUD.
What visual or auditory cues indicate when the player achieves a goal or unlocks a new feature?,subtle environmental change or unique sound effect,3,3,3,"""no comment""","e.g., a subtle environmental change, a brief cutscene, or a unique sound effect",GameFeedback,4,Important for understanding how achievements are acknowledged within the game world.
What are the primary in-game actions that the player can perform to interact with the game's mechanics?,"opening doors, picking up items, solving puzzles...",4,4,4,"""no comment""","e.g., opening doors, picking up items, or solving puzzles",GameInteractions,5,Essential for understanding the core gameplay mechanics and how they are accessed.
How does the game environment facilitate or hinder these interactions based on the player's progress?,"unlocking new paths, blocking access to areas, or providing hints",4,4,4,"""no comment""","e.g., unlocking new paths, blocking access to areas, or providing hints",GameInteractions,4,Important for understanding how the game world responds to player actions and influences gameplay.
What game settings are available in the pause menu?,volume controls and graphics settings,3,3,3,"""no comment""","e.g., volume controls, graphics settings, or game difficulty",PauseMenu,3,"Relevant for understanding the functionality of the pause menu, but less critical than game feedback and interactions."
How does the atmospheric design contribute to the horror experience?,"Use of lighting, sound effects, or eerie environments.",4,4,4,"""no comment""","Use of lighting, sound effects, or eerie environments.",GameplayMechanics,5,"Atmospheric design is a key element in creating a sense of horror, so understanding it is highly pertinent."
What types of enemy encounters are used to create tension?,"Stealth-based encounters, jump scares, or chase sequences.",4,4,4,"""no comment""","Stealth-based encounters, jump scares, or chase sequences.",GameplayMechanics,4,"Enemy encounters are a significant source of tension, so this question is quite pertinent."
How does the linear story progression maintain tension?,"Pacing, cliffhangers, or foreshadowing events.",4,4,4,"""no comment""","Pacing, cliffhangers, or foreshadowing events.",NarrativeStructure,4,"Linear progression can build tension, so understanding how it's used is pertinent."
What are the narrative twists and how do they contribute to the horror experience?,"Unexpected plot developments, character revelations, or plot reversals.
",4,4,4,"""no comment""","Unexpected plot developments, character revelations, or plot reversals.",NarrativeStructure,5,"Narrative twists can significantly impact the horror experience, making this question highly pertinent."
How does environmental storytelling contribute to the horror experience?,Use of environmental details to convey story or create atmosphere.,4,4,4,"""no comment""",Use of environmental details to convey story or create atmosphere.,GameplayMechanics,4,"Environmental storytelling can enhance the horror experience, so understanding it is pertinent."
How do branching paths in the narrative affect the horror experience?,"Creating different outcomes, replayability, or tailored experiences.",4,4,4,"""no comment""","Creating different outcomes, replayability, or tailored experiences.",NarrativeStructure,3,"Branching paths can affect the horror experience, but their impact may vary, making this question less pertinent than others."
What types of content will be included in the post-launch updates?,"New scenarios, additional gameplay mechanics and new ennemies",4,4,4,"""no comment""","New scenarios, additional gameplay mechanics, cosmetic items, etc.",PostLaunchContentUpdate,5,Understanding the content type is crucial for planning and resource allocation.
How frequently will these updates be released?,It depend on the sucess of the game,2,2,2,"""no comment""","Monthly, quarterly, annually, etc.",PostLaunchContentUpdate,4,Release frequency impacts player engagement and expectations.
How will these updates be monetized?,There will be not DSL. But there could be an other game,2,2,2,"""no comment""","Paid DLC, in-game purchases, subscription model, etc.",MonetizationStrategy,5,Monetization strategy impacts revenue and player perception.
What metrics will be used to determine the game's success for adding new scenarios?," Sales numbers, player reviews, community engagement, etc.",4,4,4,"""no comment""","Sales numbers, player reviews, community engagement, etc.",SuccessMetrics,3,Success metrics help in decision-making for future updates.
Are there any plans to add more languages in the future?,"Yes, we plan to add Spanish and German in the next update",4,4,4,"""no comment""","Yes, we plan to add Spanish and German in the next update. No, we only plan to support English and French.",PlannedLanguages,4,Knowing if more languages will be added in the future helps in planning the game's long-term localization strategy and ensures that the game can reach a wider audience over time.
What is the priority order for the planned languages?,"French, then English.",3,3,3,"""no comment""","English, then French. French, then English.",PlannedLanguages,3,Understanding the priority order helps in allocating resources and managing the localization process more efficiently.
Who will be responsible for the localization of the planned languages?,An external localization agency.,3,3,3,"""no comment""",Our in-house localization team. An external localization agency.,LocalizationTeam,3,Knowing who will handle the localization helps in coordinating the project and ensuring that the work is done by professionals who can maintain the game's quality and tone.
